mdot,P
8.0,1.89336
10.0,2.24564
12.0,2.64392
