totalPressure,1.9eV,2.5eV
4.39277,,1.0697
5.52475,0.799212,
7.87971,,0.878997
9.09647,0.709722,
12.1105,0.647433,
14.4627,,0.763997
16.6042,0.609152,
