x,3mm,5mm
74.1336,,2.41291
74.2444,3.42876,
